risk_level,track_count,mean_risk_score,mean_frames,median_frames,short_tracks,fragmented_tracks,mean_gap_count,short_track_rate,fragmented_track_rate
low,115,0.3634696121734796,19.643478260869564,18.0,15,61,3.6956521739130435,0.13043478260869565,0.5304347826086957
medium,18,0.526989706050983,2.2222222222222223,2.0,14,16,4.055555555555555,0.7777777777777778,0.8888888888888888
high,1,0.6506842080727326,1.0,1.0,1,1,0.0,1.0,1.0
