risk_level,track_count,mean_risk_score,mean_frames,tracks_with_id_switch,total_id_switch_events,id_switch_track_rate
low,115,0.3634696121734796,19.643478260869564,40,48,0.34782608695652173
medium,18,0.526989706050983,2.2222222222222223,1,1,0.05555555555555555
high,1,0.6506842080727326,1.0,0,0,0.0
