sequence,class_name,total_gt,total_pred,tp,fp,fn,id_switches,precision,recall,mota_like,idf1_like,evaluator
0000,Car,243,506,149,357,94,11,0.2944664031620553,0.6131687242798354,-0.9012345679012346,0.3097463284379172,local_kitti_style_not_official_trackeval
0001,Car,2681,2300,1756,544,925,49,0.7634782608695653,0.6549794852666916,0.433793360686311,0.6472595864284281,local_kitti_style_not_official_trackeval
